unit,symbol,source_path,size,fuzzy,gap,priority,db_statuses,run_target_rows,lease_count,worker_session_count,ever_leased_or_event
main/melee/gr/grcorneria,grCorneria_801E1BF0,src/melee/gr/grcorneria.c,1312,99.98171,0.01829,370677.5450,queued:2,2,0,0,False
main/melee/ty/tyfigupon,un_80317A60,src/melee/ty/tyfigupon.c,800,99.97000,0.03000,159808.0864,no_db_target,0,0,0,False
main/melee/ft/chara/ftYoshi/ftYs_SpecialS,ftYs_SpecialAirSLoop_2_Coll,src/melee/ft/chara/ftYoshi/ftYs_SpecialS.c,1244,99.92926,0.07074,122911.4403,no_db_target,0,0,0,False
main/melee/lb/lb_00F9,fn_80013614,src/melee/lb/lb_00F9.c,664,99.95180,0.04820,91103.4784,queued:1,1,0,0,False
main/melee/ty/toy,un_803087F4,src/melee/ty/toy.c,1492,99.86595,0.13405,82416.7146,queued:1,1,0,0,False
main/melee/it/items/itlinkhookshot,it_802A7B34,src/melee/it/items/itlinkhookshot.c,524,99.95420,0.04580,74987.9127,stalled:1,1,1,0,True
main/melee/ft/ftmaterial,ftMaterial_800BF6BC,src/melee/ft/ftmaterial.c,1168,99.86301,0.13699,63223.0636,no_db_target,0,0,0,False
main/melee/vi/vi1201v2,un_80320A40_OnEnter,src/melee/vi/vi1201v2.c,1708,99.62060,0.37940,34560.8315,stalled:1,1,1,0,True
main/melee/mn/mndiagram,mnDiagram_802437E8,src/melee/mn/mndiagram.c,596,99.82550,0.17450,25662.9072,queued:2,2,0,0,False
main/melee/ef/efsync,efSync_Spawn,src/melee/ef/efsync.c,8084,98.80405,1.19595,25553.9177,no_db_target,0,0,0,False
main/melee/gr/grkongo,grKongo_801D6668,src/melee/gr/grkongo.c,836,99.71292,0.28708,22255.0506,stalled:1,1,1,0,True
main/melee/mn/mnitemsw,mnItemSw_8023453C,src/melee/mn/mnitemsw.c,1768,99.38236,0.61764,21983.4226,no_db_target,0,0,0,False
main/melee/ft/chara/ftCommon/ftCo_WarpStar,ftCo_800C4724,src/melee/ft/chara/ftCommon/ftCo_WarpStar.c,308,99.87013,0.12987,17525.0227,no_db_target,0,0,0,False
main/melee/ty/toy,un_80310324,src/melee/ty/toy.c,828,99.27536,0.72464,8758.1350,queued:1,1,0,0,False
main/melee/gm/gmtou,fn_8019D1BC,src/melee/gm/gmtou.c,2980,98.71410,1.28590,8734.1393,queued:1,1,0,0,False
main/melee/gm/gm_16F1,gm_80173754,src/melee/gm/gm_16F1.c,132,99.87878,0.12122,8008.8491,stalled:1,1,1,0,True
main/sysdolphin/baselib/particle,hsd_80396A20,src/sysdolphin/baselib/particle.c,600,99.30000,0.70000,6573.2460,stalled:1,1,1,0,True
main/melee/ty/tyfigupon,fn_80316170,src/melee/ty/tyfigupon.c,540,99.36296,0.63704,6508.0473,queued:1,1,0,0,False
main/melee/gm/gmtou,gm_8019ECAC_OnEnter,src/melee/gm/gmtou.c,424,99.40566,0.59434,5480.4845,no_db_target,0,0,0,False
main/melee/mp/mpcoll,mpColl_80046904,src/melee/mp/mpcoll.c,1652,98.49395,1.50605,4101.9912,no_db_target,0,0,0,False
main/melee/gm/gm_19EF,fn_8019F9C4,src/melee/gm/gm_19EF.c,4172,97.95973,2.04027,3747.6028,no_db_target,0,0,0,False
main/melee/mn/mnitemsw,mnItemSw_802351A0,src/melee/mn/mnitemsw.c,1824,98.17982,1.82018,3704.0874,no_db_target,0,0,0,False
main/melee/lb/lbmemory,lbMemory_80014FC8,src/melee/lb/lbmemory.c,296,99.32433,0.67567,3361.1394,stalled:1,1,1,0,True
main/melee/it/items/itarwinglaser,it_802E7654,src/melee/it/items/itarwinglaser.c,884,98.95475,1.04525,3212.9464,queued:1,1,0,0,False
main/melee/mn/mndiagram,mnDiagram_802427B4,src/melee/mn/mndiagram.c,900,98.84444,1.15556,2948.3457,queued:2,2,0,0,False
main/melee/ft/chara/ftYoshi/ftYs_SpecialS,ftYs_SpecialAirSLanding_Anim,src/melee/ft/chara/ftYoshi/ftYs_SpecialS.c,916,98.68122,1.31878,2614.8117,no_db_target,0,0,0,False
main/melee/gr/grinishie1,fn_801FBEB8,src/melee/gr/grinishie1.c,180,99.31111,0.68889,2004.2182,no_db_target,0,0,0,False
main/melee/ty/toy,un_80310B48,src/melee/ty/toy.c,2464,97.68831,2.31169,1933.0223,no_db_target,0,0,0,False
main/melee/mn/mnitemsw,fn_80234C24,src/melee/mn/mnitemsw.c,1020,98.03921,1.96079,1912.5827,no_db_target,0,0,0,False
main/sysdolphin/baselib/hsd_3B34,hsd_803B4A2C,src/sysdolphin/baselib/hsd_3B34.c,824,98.30097,1.69903,1800.8135,no_db_target,0,0,0,False
main/melee/gr/grpstadium,grStadium_801D435C,src/melee/gr/grpstadium.c,492,98.80488,1.19512,1556.3540,queued:1,1,0,0,False
main/melee/ft/chara/ftCommon/ftCo_09F7,ftCo_8009F834,src/melee/ft/chara/ftCommon/ftCo_09F7.c,2148,97.29609,2.70391,1418.5687,no_db_target,0,0,0,False
main/melee/ty/toy,un_803075E8,src/melee/ty/toy.c,576,98.47222,1.52778,1408.7800,no_db_target,0,0,0,False
main/melee/ty/toy,un_80307F64,src/melee/ty/toy.c,472,98.64407,1.35593,1308.7483,no_db_target,0,0,0,False
main/melee/gr/grcorneria,grCorneria_801DDAC4,src/melee/gr/grcorneria.c,548,98.35767,1.64233,1241.5825,queued:1,1,0,0,False
main/melee/gm/gm_19EF,fn_8019EFC4,src/melee/gm/gm_19EF.c,524,98.38168,1.61832,1205.8890,no_db_target,0,0,0,False
main/melee/mn/mnsound,mnSound_802492CC,src/melee/mn/mnsound.c,1872,96.99573,3.00427,1099.4213,no_db_target,0,0,0,False
main/melee/gm/gmtou,gm_8019DF8C_OnFrame,src/melee/gm/gmtou.c,1704,97.13615,2.86385,1055.7450,no_db_target,0,0,0,False
main/melee/ty/tyfigupon,un_80316420,src/melee/ty/tyfigupon.c,1212,97.55115,2.44885,892.7526,no_db_target,0,0,0,False
main/melee/ty/tyfigupon,fn_80316C24,src/melee/ty/tyfigupon.c,2328,95.55842,4.44158,872.1168,no_db_target,0,0,0,False
main/sysdolphin/baselib/texpdag,SimplifySrc,src/sysdolphin/baselib/texpdag.c,1036,97.72587,2.27413,827.3840,no_db_target,0,0,0,False
main/melee/gr/grshrineroute,grShrineRoute_80209BEC,src/melee/gr/grshrineroute.c,1300,97.05846,2.94154,781.7339,queued:1,1,0,0,False
main/melee/gr/grcorneria,grCorneria_801E1878,src/melee/gr/grcorneria.c,248,98.77419,1.22581,764.0713,no_db_target,0,0,0,False
main/melee/mn/mnsound,mnSound_80249C08,src/melee/mn/mnsound.c,1172,97.25938,2.74062,762.5243,no_db_target,0,0,0,False
main/melee/ty/toy,fn_80309404,src/melee/ty/toy.c,8492,92.01978,7.98022,762.0369,no_db_target,0,0,0,False
main/melee/mn/mndatadel,fn_8024FD40,src/melee/mn/mndatadel.c,268,98.50746,1.49254,671.8081,queued:1,1,0,0,False
main/melee/gr/grcorneria,grCorneria_801DE024,src/melee/gr/grcorneria.c,1176,96.72449,3.27551,626.5855,no_db_target,0,0,0,False
main/melee/gr/grcorneria,grCorneria_801E03C8,src/melee/gr/grcorneria.c,688,97.97675,2.02325,623.6183,no_db_target,0,0,0,False
main/melee/gr/grshrineroute,fn_80208A38,src/melee/gr/grshrineroute.c,732,97.84153,2.15847,618.7007,no_db_target,0,0,0,False
main/melee/gr/granime,grAnime_801C7228,src/melee/gr/granime.c,772,97.72021,2.27979,614.8784,queued:1,1,0,0,False
main/melee/ty/toy,un_8030FE48,src/melee/ty/toy.c,1148,96.73868,3.26132,614.6806,no_db_target,0,0,0,False
main/sysdolphin/baselib/hsd_3B34,hsd_803B46D4,src/sysdolphin/baselib/hsd_3B34.c,856,97.35981,2.64019,580.4243,no_db_target,0,0,0,False
main/sysdolphin/baselib/leak,HSD_Leak_80387DF8,src/sysdolphin/baselib/leak.c,868,97.30415,2.69585,575.1363,no_db_target,0,0,0,False
main/sysdolphin/baselib/hsd_3A94,hsd_803A949C,src/sysdolphin/baselib/hsd_3A94.c,4852,93.39983,6.60017,558.5892,no_db_target,0,0,0,False
main/melee/ty/toy,un_803078E4,src/melee/ty/toy.c,700,97.71429,2.28571,555.9597,no_db_target,0,0,0,False
main/melee/ft/chara/ftYoshi/ftYs_SpecialS,ftYs_SpecialAirSLoop_1_Anim,src/melee/ft/chara/ftYoshi/ftYs_SpecialS.c,1328,95.86446,4.13554,541.0993,no_db_target,0,0,0,False
main/melee/gm/gm_1A3F,gm_801A4014,src/melee/gm/gm_1A3F.c,616,97.85714,2.14286,524.7652,no_db_target,0,0,0,False
main/melee/ty/toy,fn_8030B530,src/melee/ty/toy.c,11232,87.04166,12.95834,497.1433,no_db_target,0,0,0,False
main/melee/gm/gm_16AE,fn_8016E2BC,src/melee/gm/gm_16AE.c,772,97.19171,2.80829,488.8533,queued:1,1,0,0,False
main/sysdolphin/baselib/hsd_3B34,fn_803B376C,src/sysdolphin/baselib/hsd_3B34.c,1388,95.30836,4.69164,487.1852,no_db_target,0,0,0,False
main/melee/it/items/itlinkhookshot,it_802A5AE0,src/melee/it/items/itlinkhookshot.c,840,96.95715,3.04285,486.3205,queued:1,1,0,0,False
main/melee/mn/mndatadel,mnDataDel_8024FE4C,src/melee/mn/mndatadel.c,804,96.75622,3.24378,433.1252,no_db_target,0,0,0,False
main/melee/cm/camera,Camera_8002B694,src/melee/cm/camera.c,876,96.39269,3.60731,418.1429,no_db_target,0,0,0,False
main/melee/ft/chara/ftCommon/ftCo_DamageIce,ftCo_DamageIce_HitWhileFrozen,src/melee/ft/chara/ftCommon/ftCo_DamageIce.c,580,97.43449,2.56551,405.9248,no_db_target,0,0,0,False
main/melee/mn/mncharsel,fn_8025F0E0,src/melee/mn/mncharsel.c,2528,94.83861,5.16139,395.4672,queued:1,1,0,0,False
main/melee/mn/mndatadel,fn_8024ECCC,src/melee/mn/mndatadel.c,500,97.70400,2.29600,395.1756,no_db_target,0,0,0,False
main/dolphin/thp/THPDec,THPDec_803313D0,extern/dolphin/src/dolphin/thp/THPDec.c,152,98.55263,1.44737,393.5575,queued:1,1,0,0,False
main/melee/cm/camera,Camera_800313E0,src/melee/cm/camera.c,488,97.70492,2.29508,385.8598,no_db_target,0,0,0,False
main/melee/gr/gronett,grOnett_801E40E4,src/melee/gr/gronett.c,204,98.03921,1.96079,382.5165,queued:1,1,0,0,False
main/melee/lb/lbaudio_ax,fn_80025FAC,src/melee/lb/lbaudio_ax.c,756,96.55556,3.44444,380.4375,queued:1,1,0,0,False
main/melee/if/ifstatus,ifStatus_802F61FC,src/melee/if/ifstatus.c,780,96.35897,3.64103,368.3645,queued:2,2,0,0,False
main/melee/ty/tydisplay,un_80319540,src/melee/ty/tydisplay.c,1108,95.08664,4.91336,367.9478,stalled:1,1,1,0,True
main/melee/ft/chara/ftYoshi/ftYs_SpecialS,fn_8012EDE8,src/melee/ft/chara/ftYoshi/ftYs_SpecialS.c,472,97.61017,2.38983,357.0852,no_db_target,0,0,0,False
main/melee/gm/gm_16AE,fn_8016CFE0,src/melee/gm/gm_16AE.c,844,95.91943,4.08057,349.3132,no_db_target,0,0,0,False
main/melee/lb/lbshadow,lbShadow_8000E9F0,src/melee/lb/lbshadow.c,868,95.80645,4.19355,347.9465,no_db_target,0,0,0,False
main/melee/gr/grbigblueroute,grBigBlueRoute_8020CD20,src/melee/gr/grbigblueroute.c,3452,92.64542,7.35458,345.3178,queued:1,1,0,0,False
main/sysdolphin/baselib/synth,HSD_Synth_80389334,src/sysdolphin/baselib/synth.c,956,95.41841,4.58159,345.1863,queued:1,1,0,0,False
main/melee/cm/camera,Camera_800304E0,src/melee/cm/camera.c,424,97.73585,2.26415,340.2454,no_db_target,0,0,0,False
main/melee/cm/camera,Camera_8002F4D4,src/melee/cm/camera.c,616,96.81818,3.18182,339.1568,no_db_target,0,0,0,False
main/melee/gr/grbigblue,grBigBlue_801E8B84,src/melee/gr/grbigblue.c,384,97.91666,2.08334,337.2475,queued:1,1,0,0,False
main/melee/lb/lbaudio_ax,fn_80025E38,src/melee/lb/lbaudio_ax.c,372,97.84946,2.15054,315.6787,no_db_target,0,0,0,False
main/melee/mn/mncharsel,fn_802633B0,src/melee/mn/mncharsel.c,3264,92.35049,7.64951,309.9602,queued:1,1,0,0,False
main/melee/cm/camera,Camera_8002BD88,src/melee/cm/camera.c,648,96.09876,3.90124,282.5932,no_db_target,0,0,0,False
main/melee/mn/mnvibration,fn_80247510,src/melee/mn/mnvibration.c,2932,92.36562,7.63438,279.1664,no_db_target,0,0,0,False
main/melee/mn/mncharsel,mnCharSel_8025DB34,src/melee/mn/mncharsel.c,4952,88.75525,11.24475,273.0367,queued:1,1,0,0,False
main/melee/gr/grbigblue,grBigBlue_801E93D8,src/melee/gr/grbigblue.c,2912,92.23489,7.76511,271.0602,queued:1,1,0,0,False
main/melee/it/itspawn,it_8026D018,src/melee/it/itspawn.c,576,96.34028,3.65972,270.4277,no_db_target,0,0,0,False
main/melee/ty/toy,fn_8030E110,src/melee/ty/toy.c,6464,86.43935,13.56065,265.9175,no_db_target,0,0,0,False
main/melee/ty/toy,un_803109A0,src/melee/ty/toy.c,424,97.07547,2.92453,256.6228,no_db_target,0,0,0,False
main/melee/if/ifstatus,ifStatus_802F5EC0,src/melee/if/ifstatus.c,724,95.20442,4.79558,247.5433,no_db_target,0,0,0,False
main/sysdolphin/baselib/synth,dropcallback,src/sysdolphin/baselib/synth.c,356,97.41573,2.58427,247.1617,no_db_target,0,0,0,False
main/melee/it/itspawn,it_8026CB9C,src/melee/it/itspawn.c,436,96.88074,3.11926,245.4848,no_db_target,0,0,0,False
main/sysdolphin/baselib/hsd_3B5C,hsd_803B5C4C,src/sysdolphin/baselib/hsd_3B5C.c,292,97.80822,2.19178,242.7394,no_db_target,0,0,0,False
main/sysdolphin/baselib/hsd_3B5C,hsd_803B5D70,src/sysdolphin/baselib/hsd_3B5C.c,304,97.69737,2.30263,239.5123,no_db_target,0,0,0,False
main/melee/gr/grbigblue,grBigBlue_801ECB50,src/melee/gr/grbigblue.c,2884,91.45631,8.54369,235.8830,queued:1,1,0,0,False
main/sysdolphin/baselib/hsd_3B5C,fn_803B61B4,src/sysdolphin/baselib/hsd_3B5C.c,1644,94.42579,5.57421,234.0467,no_db_target,0,0,0,False
main/melee/lb/lb_00F9,lb_8000FA94,src/melee/lb/lb_00F9.c,584,95.75343,4.24657,230.6747,no_db_target,0,0,0,False
main/melee/ft/ftcpuattack,ftCo_800B5AB0,src/melee/ft/ftcpuattack.c,1880,93.60426,6.39574,225.3049,queued:1,1,0,0,False
main/melee/gr/grbigblue,grBigBlue_801EE398,src/melee/gr/grbigblue.c,2920,91.06712,8.93288,224.5701,queued:1,1,0,0,False
main/melee/ft/chara/ftCommon/ftCo_Damage,ftCo_8008DCE0,src/melee/ft/chara/ftCommon/ftCo_Damage.c,1976,93.24089,6.75911,220.6384,queued:1,1,0,0,False
main/melee/gr/grbigblue,grBigBlue_801EBAF8,src/melee/gr/grbigblue.c,2708,91.31610,8.68390,216.5825,queued:1,1,0,0,False
main/sysdolphin/baselib/synth,HSD_Synth_8038A000,src/sysdolphin/baselib/synth.c,1444,94.61496,5.38504,214.4923,no_db_target,0,0,0,False
main/sysdolphin/baselib/particle,hsd_8039DAD4,src/sysdolphin/baselib/particle.c,4944,86.32201,13.67799,200.5511,queued:1,1,0,0,False
main/melee/gr/gronett,grOnett_801E5538,src/melee/gr/gronett.c,452,96.11504,3.88496,198.0755,no_db_target,0,0,0,False
main/melee/gm/gmcamera,gmCamera_801A26C0,src/melee/gm/gmcamera.c,216,97.96296,2.03704,194.3592,queued:1,1,0,0,False
main/melee/ty/tyfigupon,un_8031753C,src/melee/ty/tyfigupon.c,1316,94.57751,5.42249,193.8244,no_db_target,0,0,0,False
main/melee/mp/mplib,mpLineNextNonLeftWall,src/melee/mp/mplib.c,460,95.95652,4.04348,192.4233,queued:2,2,0,0,False
main/melee/mp/mplib,mpLineNextNonRightWall,src/melee/mp/mplib.c,460,95.95652,4.04348,192.4233,queued:2,2,0,0,False
main/melee/mp/mplib,mpLinePrevNonLeftWall,src/melee/mp/mplib.c,460,95.95652,4.04348,192.4233,queued:2,2,0,0,False
main/melee/mp/mplib,mpLinePrevNonRightWall,src/melee/mp/mplib.c,460,95.95652,4.04348,192.4233,queued:2,2,0,0,False
main/melee/lb/lbaudio_ax,lbAudioAx_80027DF8,src/melee/lb/lbaudio_ax.c,1380,94.23768,5.76232,188.5502,no_db_target,0,0,0,False
main/melee/lb/lbmemory,lbMemory_80015320,src/melee/lb/lbmemory.c,412,96.10680,3.89320,180.1038,no_db_target,0,0,0,False
main/melee/lb/lbarq,lbArq_80014BD0,src/melee/lb/lbarq.c,348,96.55173,3.44827,174.9003,no_db_target,0,0,0,False
main/melee/ft/ftcpuattack,ftCo_800B4AB0,src/melee/ft/ftcpuattack.c,2044,91.72603,8.27397,174.6678,no_db_target,0,0,0,False
main/melee/ft/ftcpuattack,ftCo_800BB220,src/melee/ft/ftcpuattack.c,1352,93.89941,6.10059,172.0066,no_db_target,0,0,0,False
main/melee/gr/grbigblue,grBigBlue_801E6364,src/melee/gr/grbigblue.c,1304,94.00920,5.99080,169.7266,queued:1,1,0,0,False
main/melee/gm/gmregclear,gm_8017DB88,src/melee/gm/gmregclear.c,500,95.08000,4.92000,165.7715,stalled:1,1,1,0,True
main/melee/it/itspawn,it_8026C530,src/melee/it/itspawn.c,300,96.80000,3.20000,164.1148,no_db_target,0,0,0,False
main/melee/gr/grcorneria,grCorneria_801E25C4,src/melee/gr/grcorneria.c,372,96.10753,3.89247,162.6534,no_db_target,0,0,0,False
main/melee/ft/chara/ftCommon/ftCo_0A01,ftCo_800B2AFC,src/melee/ft/chara/ftCommon/ftCo_0A01.c,2228,90.71454,9.28546,162.3125,queued:1,1,0,0,False
main/melee/if/ifstock,ifStock_802F9F48,src/melee/if/ifstock.c,464,95.28449,4.71551,161.8779,queued:1,1,0,0,False
main/sysdolphin/baselib/particle,hsd_80394F48,src/sysdolphin/baselib/particle.c,1544,92.89119,7.10881,161.4872,queued:1,1,0,0,False
main/melee/ty/toy,Toy_LoadLObjList,src/melee/ty/toy.c,300,96.73333,3.26667,160.3331,no_db_target,0,0,0,False
main/sysdolphin/baselib/particle,hsd_80393A5C,src/sysdolphin/baselib/particle.c,440,95.44546,4.55454,159.9951,queued:1,1,0,0,False
main/melee/ft/ftcpuattack,ftCo_800B52AC,src/melee/ft/ftcpuattack.c,2052,91.12086,8.87914,159.1435,no_db_target,0,0,0,False
main/melee/it/items/itlinkhookshot,it_802A5320,src/melee/it/items/itlinkhookshot.c,1104,94.42029,5.57971,156.9788,no_db_target,0,0,0,False
main/melee/gr/grzebes,grZebes_801D881C,src/melee/gr/grzebes.c,2272,90.34507,9.65493,156.6129,no_db_target,0,0,0,False
main/melee/mn/mnsnap,mnSnap_80253964,src/melee/mn/mnsnap.c,384,95.82291,4.17709,154.6418,queued:1,1,0,0,False
main/melee/lb/lbarq,lbArq_80014AC4,src/melee/lb/lbarq.c,268,96.94030,3.05970,154.2007,no_db_target,0,0,0,False
main/melee/mp/mplib,mpLib_80053A04_Ceiling,src/melee/mp/mplib.c,464,95.04311,4.95689,152.4564,queued:2,2,0,0,False
main/melee/mp/mplib,mpLib_80053BD4_Ceiling,src/melee/mp/mplib.c,464,95.04311,4.95689,152.4564,queued:2,2,0,0,False
main/melee/gr/grbigblue,grBigBlue_801EB004,src/melee/gr/grbigblue.c,1192,93.88590,6.11410,151.2291,queued:1,1,0,0,False
main/melee/mn/mnsoundtest,fn_8024AED0,src/melee/mn/mnsoundtest.c,992,94.66936,5.33064,149.1956,queued:1,1,0,0,False
main/melee/ty/toy,un_80306D70,src/melee/ty/toy.c,380,95.68421,4.31579,147.2683,no_db_target,0,0,0,False
main/melee/lb/lb_00F9,lb_8001044C,src/melee/lb/lb_00F9.c,4520,84.30266,15.69734,145.3453,no_db_target,0,0,0,False
main/melee/ft/chara/ftKirby/ftkirbyspecialmars,ftKb_MsSpecialAirNEnd_Anim,src/melee/ft/chara/ftKirby/ftkirbyspecialmars.c,248,96.96774,3.03226,144.1433,no_db_target,0,0,0,False
main/melee/gr/grmaterial,grMaterial_801C92C0,src/melee/gr/grmaterial.c,432,95.09259,4.90741,143.6693,queued:1,1,0,0,False
main/melee/ft/ftafterimage,ftCo_800C2600,src/melee/ft/ftafterimage.c,2520,88.98572,11.01428,143.3282,no_db_target,0,0,0,False
main/melee/ty/toy,un_80307470,src/melee/ty/toy.c,376,95.56383,4.43617,141.0607,no_db_target,0,0,0,False
main/sysdolphin/baselib/particle,hsd_80393EF4,src/sysdolphin/baselib/particle.c,372,95.54839,4.45161,138.9871,queued:1,1,0,0,False
main/melee/mp/mplib,mpCeilingGetLeft,src/melee/mp/mplib.c,356,95.70786,4.29214,138.8628,queued:2,2,0,0,False
main/melee/mp/mplib,mpCeilingGetRight,src/melee/mp/mplib.c,356,95.70786,4.29214,138.8628,queued:2,2,0,0,False
main/melee/mp/mplib,mpFloorGetLeft,src/melee/mp/mplib.c,356,95.70786,4.29214,138.8628,queued:2,2,0,0,False
main/melee/mp/mplib,mpFloorGetRight,src/melee/mp/mplib.c,356,95.70786,4.29214,138.8628,queued:2,2,0,0,False
main/melee/mp/mplib,mpLeftWallGetBottom,src/melee/mp/mplib.c,356,95.70786,4.29214,138.8628,queued:2,2,0,0,False
main/melee/mp/mplib,mpLeftWallGetTop,src/melee/mp/mplib.c,356,95.70786,4.29214,138.8628,queued:2,2,0,0,False
main/melee/mp/mplib,mpRightWallGetBottom,src/melee/mp/mplib.c,356,95.70786,4.29214,138.8628,queued:2,2,0,0,False
main/melee/mp/mplib,mpRightWallGetTop,src/melee/mp/mplib.c,356,95.70786,4.29214,138.8628,queued:2,2,0,0,False
main/melee/lb/lbmthp,lbMthp_8001F410,src/melee/lb/lbmthp.c,360,95.66666,4.33334,138.8518,no_db_target,0,0,0,False
main/melee/gr/grhomerun,grHomeRun_8021E500,src/melee/gr/grhomerun.c,1172,93.51877,6.48123,138.1007,queued:1,1,0,0,False
main/melee/gr/grhomerun,grHomeRun_8021D680,src/melee/gr/grhomerun.c,2096,90.03053,9.96947,137.9885,no_db_target,0,0,0,False
main/sysdolphin/baselib/particle,psInitDataBankLoad,src/sysdolphin/baselib/particle.c,288,96.40278,3.59722,137.9139,queued:1,1,0,0,False
main/melee/lb/lbaudio_ax,lbAudioAx_80028690,src/melee/lb/lbaudio_ax.c,1180,93.44746,6.55254,137.1134,no_db_target,0,0,0,False
main/sysdolphin/baselib/particle,hsd_803962A8,src/sysdolphin/baselib/particle.c,1016,94.05512,5.94488,133.5211,queued:1,1,0,0,False
main/melee/ty/tyfigupon,un_80317D80_OnEnter,src/melee/ty/tyfigupon.c,1084,93.69742,6.30258,132.3527,no_db_target,0,0,0,False
main/melee/mn/mnname,CompareNameStrings,src/melee/mn/mnname.c,336,95.71429,4.28571,131.2930,queued:1,1,0,0,False
main/sysdolphin/baselib/particle,fn_80394DF4,src/sysdolphin/baselib/particle.c,152,97.86842,2.13158,130.2296,queued:1,1,0,0,False
main/melee/gr/grshrineroute,grShrineRoute_8020A21C,src/melee/gr/grshrineroute.c,1608,91.32089,8.67911,128.7038,no_db_target,0,0,0,False
main/sysdolphin/baselib/particle,hsd_8039CF4C,src/sysdolphin/baselib/particle.c,252,96.58730,3.41270,128.1568,queued:1,1,0,0,False
main/melee/mp/mpisland,mpIsland_8005B004,src/melee/mp/mpisland.c,816,94.81373,5.18627,126.9064,no_db_target,0,0,0,False
main/melee/gm/gmtou,gm_8019E634,src/melee/gm/gmtou.c,1656,90.94444,9.05556,124.9598,no_db_target,0,0,0,False
main/melee/gm/gm_1B03,gm_801B0474,src/melee/gm/gm_1B03.c,384,95.00000,5.00000,124.8584,no_db_target,0,0,0,False
main/melee/gm/gm_18A5,fn_8018AA74,src/melee/gm/gm_18A5.c,1564,91.29923,8.70077,124.7523,queued:2,2,0,0,False
main/melee/gr/grzebes,grZebes_801D99E0,src/melee/gr/grzebes.c,1356,92.01770,7.98230,121.6392,no_db_target,0,0,0,False
main/melee/gm/gm_1832,fn_80184AB8,src/melee/gm/gm_1832.c,1428,91.70028,8.29972,121.5135,queued:2,2,0,0,False
main/melee/gr/grbigblue,grBigBlue_801EB4AC,src/melee/gr/grbigblue.c,1612,90.79157,9.20843,118.8201,queued:1,1,0,0,False
main/melee/gm/gm_18A5,fn_8018A514,src/melee/gm/gm_18A5.c,1116,92.95699,7.04301,118.1456,queued:2,2,0,0,False
main/melee/lb/lb_00F9,lb_8000FD48,src/melee/lb/lb_00F9.c,872,94.18807,5.81193,117.8781,no_db_target,0,0,0,False
main/melee/if/if_2F72,if_802F7D08,src/melee/if/if_2F72.c,284,95.91549,4.08451,117.4090,no_db_target,0,0,0,False
main/melee/ft/chara/ftKirby/ftkirbyspecialmars,ftKb_MsSpecialNEnd_Anim,src/melee/ft/chara/ftKirby/ftkirbyspecialmars.c,248,96.32258,3.67742,115.7901,no_db_target,0,0,0,False
main/melee/gm/gmcamera,gmCamera_801A2BF0,src/melee/gm/gmcamera.c,340,95.11764,4.88236,113.7720,no_db_target,0,0,0,False
main/melee/mp/mplib,mpLib_80053DA4_Floor,src/melee/mp/mplib.c,296,95.60811,4.39189,112.3729,queued:2,2,0,0,False
main/melee/gr/grbigblueroute,grBigBlueRoute_8020C85C,src/melee/gr/grbigblueroute.c,1220,92.12131,7.87869,111.3771,no_db_target,0,0,0,False
main/melee/cm/camera,Camera_8002D318,src/melee/cm/camera.c,1348,91.51632,8.48368,111.3238,no_db_target,0,0,0,False
main/melee/mn/mndiagram3,mnDiagram3_80245BA4,src/melee/mn/mndiagram3.c,1560,90.56154,9.43846,111.0552,no_db_target,0,0,0,False
main/sysdolphin/baselib/particle,hsd_80394950,src/sysdolphin/baselib/particle.c,248,96.16129,3.83871,110.1965,no_db_target,0,0,0,False
main/sysdolphin/baselib/particle,hsd_8039D0A0,src/sysdolphin/baselib/particle.c,324,95.09876,4.90124,107.9154,no_db_target,0,0,0,False
main/melee/mn/mnmainrule,fn_802309F0,src/melee/mn/mnmainrule.c,808,93.98515,6.01485,104.6410,no_db_target,0,0,0,False
main/melee/cm/camera,Camera_8002D85C,src/melee/cm/camera.c,1384,90.93931,9.06069,104.3524,no_db_target,0,0,0,False
main/melee/if/ifmagnify,ifMagnify_802FB8C0,src/melee/if/ifmagnify.c,796,94.04020,5.95980,104.2815,no_db_target,0,0,0,False
main/melee/ft/chara/ftCommon/ftCo_0A01,ftCo_800A6FC4,src/melee/ft/chara/ftCommon/ftCo_0A01.c,1560,90.11795,9.88205,104.0120,queued:1,1,0,0,False
main/melee/gr/grmutecity,grMuteCity_801F0F4C,src/melee/gr/grmutecity.c,288,95.41666,4.58334,103.9420,queued:1,1,0,0,False
main/melee/mn/mnsnap,mnSnap_80257F24,src/melee/mn/mnsnap.c,2588,86.20866,13.79134,103.5730,queued:1,1,0,0,False
main/melee/if/ifstock,ifStock_802FAEC4,src/melee/if/ifstock.c,1228,91.64169,8.35831,103.4982,no_db_target,0,0,0,False
main/sysdolphin/baselib/particle,hsd_80392E80,src/sysdolphin/baselib/particle.c,804,93.92039,6.07961,102.7322,no_db_target,0,0,0,False
main/melee/cm/camera,Camera_80031328,src/melee/cm/camera.c,184,96.84782,3.15218,102.3814,no_db_target,0,0,0,False
main/melee/if/ifstock,fn_802FA8C0,src/melee/if/ifstock.c,884,93.39366,6.60634,101.6492,no_db_target,0,0,0,False
main/sysdolphin/baselib/particle,hsd_80397520,src/sysdolphin/baselib/particle.c,180,96.88889,3.11111,101.6456,no_db_target,0,0,0,False
main/melee/ty/toy,un_803067BC,src/melee/ty/toy.c,292,95.27397,4.72603,101.6004,no_db_target,0,0,0,False
main/melee/cm/camera,Camera_8002C1A8,src/melee/cm/camera.c,1036,92.22780,7.77220,96.3174,no_db_target,0,0,0,False
main/melee/mp/mplib,mpLib_800581DC,src/melee/mp/mplib.c,900,92.93333,7.06667,94.8637,queued:2,2,0,0,False
main/melee/gr/grbigblue,grBigBlue_801EDF44,src/melee/gr/grbigblue.c,1108,91.68953,8.31047,94.1176,no_db_target,0,0,0,False
main/melee/if/ifstock,ifStock_802F98E8,src/melee/if/ifstock.c,1632,88.99509,11.00491,92.9402,no_db_target,0,0,0,False
main/melee/lb/lb_00F9,lb_800122F0,src/melee/lb/lb_00F9.c,1068,91.72285,8.27715,91.2171,no_db_target,0,0,0,False
main/melee/gm/gm_18A5,fn_80192938,src/melee/gm/gm_18A5.c,632,94.46835,5.53165,90.8287,queued:2,2,0,0,False
main/melee/mn/mnstagesw,mnStageSw_80236548,src/melee/mn/mnstagesw.c,1104,91.35507,8.64493,88.8456,no_db_target,0,0,0,False
main/melee/gm/gm_1832,fn_80188550,src/melee/gm/gm_1832.c,244,95.44262,4.55738,88.6588,queued:2,2,0,0,False
main/melee/gr/grbigblue,grBigBlue_801ED694,src/melee/gr/grbigblue.c,2224,86.14568,13.85432,88.3426,no_db_target,0,0,0,False
main/melee/if/ifstatus,ifStatus_802F4EDC,src/melee/if/ifstatus.c,3180,82.93459,17.06541,88.1046,no_db_target,0,0,0,False
main/melee/gm/gm_1BFA,gm_801BFCFC,src/melee/gm/gm_1BFA.c,640,94.18750,5.81250,86.5055,no_db_target,0,0,0,False
main/melee/gm/gm_18A5,fn_801953C8,src/melee/gm/gm_18A5.c,1832,87.49782,12.50218,85.8186,queued:2,2,0,0,False
main/melee/gr/grkinokoroute,grKinokoRoute_80207C88,src/melee/gr/grkinokoroute.c,1760,87.79773,12.20227,85.6346,queued:1,1,0,0,False
main/melee/gr/grgreens,grGreens_8021483C,src/melee/gr/grgreens.c,796,93.02010,6.97990,85.2608,no_db_target,0,0,0,False
main/melee/mn/mnname,mnName_MainInput,src/melee/mn/mnname.c,964,91.90456,8.09544,84.8494,queued:1,1,0,0,False
main/melee/gm/gm_18A5,fn_80193FCC,src/melee/gm/gm_18A5.c,1676,88.09547,11.90453,84.7250,queued:2,2,0,0,False
main/melee/gr/grmutecity,grMuteCity_801F0D20,src/melee/gr/grmutecity.c,556,94.69065,5.30935,84.0320,no_db_target,0,0,0,False
main/melee/ty/tyfigupon,fn_80315C44,src/melee/ty/tyfigupon.c,1324,89.66767,10.33233,82.7586,no_db_target,0,0,0,False
main/melee/gr/grfourside,grFourside_801F3274,src/melee/gr/grfourside.c,1412,89.15298,10.84702,82.1613,queued:1,1,0,0,False
main/melee/cm/camera,Camera_8002C5B4,src/melee/cm/camera.c,852,92.43192,7.56808,82.0670,no_db_target,0,0,0,False
main/melee/mn/mnsnap,mnSnap_80253F60,src/melee/mn/mnsnap.c,180,96.22222,3.77778,81.4740,no_db_target,0,0,0,False
main/melee/gr/gronett,grOnett_801E3A34,src/melee/gr/gronett.c,548,94.58394,5.41606,80.8287,no_db_target,0,0,0,False
main/melee/gm/gm_18A5,fn_801935B8,src/melee/gm/gm_18A5.c,524,94.70992,5.29008,79.5483,queued:2,2,0,0,False
main/melee/cm/camera,Camera_8002C908,src/melee/cm/camera.c,516,94.70543,5.29457,78.2526,no_db_target,0,0,0,False
main/melee/ft/chara/ftCommon/ftCo_ThrownKirby,ftCo_800BDB58,src/melee/ft/chara/ftCommon/ftCo_ThrownKirby.c,620,93.83226,6.16774,77.7984,no_db_target,0,0,0,False
main/melee/gm/gm_1832,gm_80187F48_OnEnter,src/melee/gm/gm_1832.c,1052,90.77947,9.22053,77.3997,queued:2,2,0,0,False
main/melee/gm/gm_18A5,fn_8019249C,src/melee/gm/gm_18A5.c,500,94.78400,5.21600,77.2219,queued:2,2,0,0,False
main/melee/gr/groldpupupu,grOldPupupu_80210D10,src/melee/gr/groldpupupu.c,1020,90.81961,9.18039,75.5066,queued:1,1,0,0,False
main/melee/if/ifstock,ifStock_802F8298,src/melee/if/ifstock.c,1888,86.19915,13.80085,75.4733,no_db_target,0,0,0,False
main/melee/if/ifmagnify,ifMagnify_802FBBDC,src/melee/if/ifmagnify.c,2016,85.62698,14.37302,75.3499,no_db_target,0,0,0,False
main/melee/ft/chara/ftKirby/ftkirbyspecialn,ftKb_SpecialHi_800F37EC,src/melee/ft/chara/ftKirby/ftkirbyspecialn.c,828,91.98068,8.01932,73.8138,no_db_target,0,0,0,False
main/melee/gm/gm_18A5,fn_80195AF0,src/melee/gm/gm_18A5.c,476,94.79832,5.20168,73.7618,queued:2,2,0,0,False
main/melee/mp/mpisland,mpIsland_8005A728,src/melee/mp/mpisland.c,1068,90.35580,9.64420,73.7360,no_db_target,0,0,0,False
main/melee/mn/mnname,mnName_80239A24,src/melee/mn/mnname.c,1176,89.63946,10.36054,73.2155,queued:1,1,0,0,False
main/sysdolphin/baselib/particle,hsd_80395A78,src/sysdolphin/baselib/particle.c,784,92.03061,7.96939,70.4816,no_db_target,0,0,0,False
main/melee/lb/lbaudio_ax,fn_80027488,src/melee/lb/lbaudio_ax.c,448,94.85714,5.14286,70.3898,no_db_target,0,0,0,False
main/sysdolphin/baselib/hsd_3B34,hsd_803B3CD8,src/sysdolphin/baselib/hsd_3B34.c,2556,82.84351,17.15649,70.1315,no_db_target,0,0,0,False
main/melee/gr/grkinokoroute,grKinokoRoute_80207634,src/melee/gr/grkinokoroute.c,692,92.71098,7.28902,70.0432,no_db_target,0,0,0,False
main/melee/if/ifstock,fn_802F8E08,src/melee/if/ifstock.c,868,91.36405,8.63595,69.9533,no_db_target,0,0,0,False
main/melee/gm/gm_1832,fn_80188B3C,src/melee/gm/gm_1832.c,512,94.21875,5.78125,69.6702,queued:2,2,0,0,False
main/melee/mn/mnmainrule,mn_80231804,src/melee/mn/mnmainrule.c,1916,85.23800,14.76200,68.4682,no_db_target,0,0,0,False
main/sysdolphin/baselib/particle,hsd_80393440,src/sysdolphin/baselib/particle.c,1024,90.11328,9.88672,68.2282,no_db_target,0,0,0,False
main/melee/mn/mnitemsw,fn_80233E10,src/melee/mn/mnitemsw.c,588,93.40816,6.59184,67.8035,no_db_target,0,0,0,False
main/sysdolphin/baselib/particle,DrawASCII,src/sysdolphin/baselib/particle.c,928,90.65086,9.34914,66.9576,no_db_target,0,0,0,False
main/melee/ft/chara/ftKirby/ftkirbyspecialn,ftKb_SpecialAirLw_Coll,src/melee/ft/chara/ftKirby/ftkirbyspecialn.c,840,91.27619,8.72381,66.7583,no_db_target,0,0,0,False
main/melee/mn/mndatadel,fn_8024F318,src/melee/mn/mndatadel.c,1320,88.08485,11.91515,66.6369,no_db_target,0,0,0,False
main/melee/ft/chara/ftKirby/ftkirbyspecialn,ftKb_EatWait_IASA,src/melee/ft/chara/ftKirby/ftkirbyspecialn.c,1004,90.05180,9.94820,66.3013,no_db_target,0,0,0,False
main/melee/gr/grpstadium,grStadium_801D3BBC,src/melee/gr/grpstadium.c,900,90.73778,9.26222,65.7978,no_db_target,0,0,0,False
main/melee/mn/mndiagram,mnDiagram_8024227C,src/melee/mn/mndiagram.c,1336,87.84132,12.15868,65.3670,queued:2,2,0,0,False
main/melee/gm/gm_18A5,fn_801913BC,src/melee/gm/gm_18A5.c,700,92.20571,7.79429,64.8330,queued:2,2,0,0,False
main/sysdolphin/baselib/particle,hsd_8039254C,src/sysdolphin/baselib/particle.c,1000,89.92000,10.08000,64.7939,no_db_target,0,0,0,False
main/melee/ft/chara/ftKirby/ftkirbyspecialn,ftKb_SpecialAirLwStart_Coll,src/melee/ft/chara/ftKirby/ftkirbyspecialn.c,828,91.14976,8.85024,64.5070,no_db_target,0,0,0,False
main/melee/ft/ftcpuattack,ftCo_800B8A9C,src/melee/ft/ftcpuattack.c,1412,87.29462,12.70538,64.4845,no_db_target,0,0,0,False
main/melee/gm/gm_1832,fn_80187910,src/melee/gm/gm_1832.c,420,94.72381,5.27619,63.9651,queued:2,2,0,0,False
main/melee/gm/gm_18A5,fn_8018C8D4,src/melee/gm/gm_18A5.c,3128,79.93095,20.06905,63.5892,queued:2,2,0,0,False
main/melee/ft/chara/ftCommon/ftCo_0A01,ftCo_800AE7AC,src/melee/ft/chara/ftCommon/ftCo_0A01.c,736,91.78804,8.21196,63.5399,queued:1,1,0,0,False
main/melee/lb/lbaudio_ax,lbAudioAx_80027648,src/melee/lb/lbaudio_ax.c,532,93.57143,6.42857,63.3425,no_db_target,0,0,0,False
main/melee/gr/gronett,grOnett_801E5214,src/melee/gr/gronett.c,672,92.28571,7.71429,63.1028,no_db_target,0,0,0,False
main/melee/cm/camera,Camera_8002DDC4,src/melee/cm/camera.c,544,93.30882,6.69118,61.5373,no_db_target,0,0,0,False
main/melee/gm/gm_1832,fn_80188738,src/melee/gm/gm_1832.c,472,93.98305,6.01695,61.1002,queued:2,2,0,0,False
main/melee/gr/grzebes,grZebes_801DBB60,src/melee/gr/grzebes.c,1792,84.79688,15.20312,60.9030,no_db_target,0,0,0,False
main/melee/gr/grbigblue,fn_801EF60C,src/melee/gr/grbigblue.c,460,94.03478,5.96522,60.1947,no_db_target,0,0,0,False
main/melee/mn/mncharsel,mnCharSel_8025FDEC,src/melee/mn/mncharsel.c,680,91.88236,8.11764,59.6311,no_db_target,0,0,0,False
main/melee/mn/mnsnap,mnSnap_8025329C,src/melee/mn/mnsnap.c,932,89.78541,10.21459,59.2370,no_db_target,0,0,0,False
main/melee/ft/ft_0CDD,ftCo_800CE650,src/melee/ft/ft_0CDD.c,1184,87.98987,12.01013,59.0437,no_db_target,0,0,0,False
main/melee/gm/gmregclear,fn_80182B5C,src/melee/gm/gmregclear.c,660,91.95757,8.04243,58.6094,queued:1,1,0,0,False
main/melee/gm/gm_18A5,fn_80190ABC,src/melee/gm/gm_18A5.c,1000,89.18800,10.81200,58.4680,queued:2,2,0,0,False
main/melee/mn/mnsnap,mnSnap_80254298,src/melee/mn/mnsnap.c,388,94.59794,5.40206,57.4111,no_db_target,0,0,0,False
main/melee/gm/gm_18A5,fn_8018DF68,src/melee/gm/gm_18A5.c,1284,87.01558,12.98442,56.6495,queued:2,2,0,0,False
main/melee/gr/grbigblue,grBigBlue_801EC6C0,src/melee/gr/grbigblue.c,1168,87.73972,12.26028,56.4122,no_db_target,0,0,0,False
main/melee/ft/chara/ftCommon/ftCo_ThrownKirby,ftCo_800BE000,src/melee/ft/chara/ftCommon/ftCo_ThrownKirby.c,600,92.24000,7.76000,55.8994,no_db_target,0,0,0,False
main/melee/gr/grzebes,grZebes_801DAE70,src/melee/gr/grzebes.c,536,92.86567,7.13433,55.7987,no_db_target,0,0,0,False
main/melee/it/itspawn,it_8026CD50,src/melee/it/itspawn.c,436,93.88991,6.11009,55.3611,no_db_target,0,0,0,False
main/melee/mp/mplib,mpLib_80058614_Floor,src/melee/mp/mplib.c,488,93.30328,6.69672,55.1438,queued:2,2,0,0,False
main/melee/gm/gmclassic,gmClassic_801B2BA4,src/melee/gm/gmclassic.c,432,93.87037,6.12963,54.6331,no_db_target,0,0,0,False
main/melee/cm/camera,Camera_8002C010,src/melee/cm/camera.c,408,94.10784,5.89216,54.2191,no_db_target,0,0,0,False
main/melee/gr/gryorster,grYorster_8020266C,src/melee/gr/gryorster.c,1264,86.76899,13.23101,54.1108,queued:1,1,0,0,False
main/melee/ft/chara/ftCommon/ftCo_0A01,ftCo_800A8940,src/melee/ft/chara/ftCommon/ftCo_0A01.c,1188,87.19192,12.80808,53.5671,queued:1,1,0,0,False
main/melee/gr/ground,Ground_801C20E0,src/melee/gr/ground.c,660,91.27879,8.72121,52.4746,stalled:1,1,1,0,True
main/melee/gm/gm_1832,gm_80189CDC,src/melee/gm/gm_1832.c,804,89.72139,10.27861,50.6388,queued:2,2,0,0,False
main/melee/ft/chara/ftCommon/ftCo_Shouldered,ftCo_Shouldered_Anim,src/melee/ft/chara/ftCommon/ftCo_Shouldered.c,464,92.98276,7.01724,49.3563,no_db_target,0,0,0,False
main/melee/ft/chara/ftNana/ftNn_Init,ftPp_SpecialS_1_Coll,src/melee/ft/chara/ftNana/ftNn_Init.c,524,92.20611,7.79389,48.5354,no_db_target,0,0,0,False
main/melee/it/itspawn,it_8026C75C,src/melee/it/itspawn.c,304,94.80263,5.19737,47.1560,no_db_target,0,0,0,False
main/melee/mn/mnname,mnName_SortNames,src/melee/mn/mnname.c,812,89.04926,10.95074,46.5841,queued:1,1,0,0,False
main/melee/gr/grfourside,grFourside_801F3CC8,src/melee/gr/grfourside.c,580,91.31035,8.68965,46.3454,no_db_target,0,0,0,False
main/melee/gm/gmregclear,fn_8017EE40,src/melee/gm/gmregclear.c,456,92.71053,7.28947,46.1519,queued:1,1,0,0,False
main/melee/ft/chara/ftCommon/ftCo_0A01,ftCo_800A6700,src/melee/ft/chara/ftCommon/ftCo_0A01.c,920,87.97826,12.02174,45.8101,queued:1,1,0,0,False
main/melee/gm/gm_18A5,fn_8018DC18,src/melee/gm/gm_18A5.c,848,88.49056,11.50944,45.1390,queued:2,2,0,0,False
main/melee/it/itspawn,it_8026CF04,src/melee/it/itspawn.c,276,94.92754,5.07246,44.0964,no_db_target,0,0,0,False
main/sysdolphin/baselib/particle,hsd_80394434,src/sysdolphin/baselib/particle.c,272,94.98529,5.01471,44.0639,no_db_target,0,0,0,False
main/melee/ft/chara/ftCommon/ftCo_Bury,ftCo_800C0B20,src/melee/ft/chara/ftCommon/ftCo_Bury.c,360,93.66666,6.33334,43.6843,queued:1,1,0,0,False
main/melee/gm/gm_18A5,fn_80196FFC,src/melee/gm/gm_18A5.c,1020,86.67843,13.32157,43.1880,queued:2,2,0,0,False
main/sysdolphin/baselib/texpdag,SimplifyThis,src/sysdolphin/baselib/texpdag.c,2152,79.75836,20.24164,43.0018,no_db_target,0,0,0,False
main/melee/gm/gm_1832,fn_80187AB4,src/melee/gm/gm_1832.c,488,91.84426,8.15574,42.5238,queued:2,2,0,0,False
main/melee/gm/gmclassic,gmClassic_OnLoad,src/melee/gm/gmclassic.c,1344,84.00595,15.99405,41.8225,no_db_target,0,0,0,False
main/melee/gm/gmregclear,fn_8017D9C0,src/melee/gm/gmregclear.c,408,92.72549,7.27451,41.4053,queued:1,1,0,0,False
main/melee/gm/gmcamera,gmCamera_801A292C,src/melee/gm/gmcamera.c,384,93.02084,6.97916,41.1365,no_db_target,0,0,0,False
main/sysdolphin/baselib/particle,fn_80397814,src/sysdolphin/baselib/particle.c,1424,83.21629,16.78371,40.6627,no_db_target,0,0,0,False
main/melee/ft/chara/ftCommon/ftCo_0A01,ftCo_800A6A98,src/melee/ft/chara/ftCommon/ftCo_0A01.c,660,89.53333,10.46667,40.4818,queued:1,1,0,0,False
main/melee/gm/gm_18A5,fn_80191FD4,src/melee/gm/gm_18A5.c,936,86.81624,13.18376,40.3006,queued:2,2,0,0,False
main/sysdolphin/baselib/hsd_3B5C,hsd_803B6BE4,src/sysdolphin/baselib/hsd_3B5C.c,1612,81.92804,18.07196,40.1652,no_db_target,0,0,0,False
main/melee/gr/grgreens,grGreens_802166C4,src/melee/gr/grgreens.c,1372,83.44607,16.55393,40.1619,queued:1,1,0,0,False
main/melee/ft/ftmetal,ft_800C85B8,src/melee/ft/ftmetal.c,660,89.44849,10.55151,40.0046,no_db_target,0,0,0,False
main/melee/gm/gm_18A5,fn_8018E618,src/melee/gm/gm_18A5.c,580,90.30345,9.69655,39.7357,queued:2,2,0,0,False
main/sysdolphin/baselib/hsd_3B2E,fn_803B302C,src/sysdolphin/baselib/hsd_3B2E.c,416,92.35577,7.64423,39.5410,no_db_target,0,0,0,False
main/melee/gr/grbigblue,grBigBlue_801EEF00,src/melee/gr/grbigblue.c,1316,83.61702,16.38298,39.2443,no_db_target,0,0,0,False
main/sysdolphin/baselib/psdisp,psDispParticles,src/sysdolphin/baselib/psdisp.c,14488,58.05825,41.94175,39.2387,no_db_target,0,0,0,False
main/melee/gm/gm_1B03,gm_801B1C24,src/melee/gm/gm_1B03.c,660,89.21212,10.78788,38.7169,no_db_target,0,0,0,False
main/melee/gr/grzebes,grZebes_801DB3CC,src/melee/gr/grzebes.c,1940,79.64536,20.35464,38.3325,no_db_target,0,0,0,False
main/melee/gr/grzebes,grZebes_801DC744,src/melee/gr/grzebes.c,664,89.00603,10.99397,37.8701,no_db_target,0,0,0,False
main/sysdolphin/baselib/particle,hsd_80393844,src/sysdolphin/baselib/particle.c,448,91.61607,8.38393,37.6010,no_db_target,0,0,0,False
main/melee/ft/chara/ftCommon/ftCo_0A01,ftCo_800ADE48,src/melee/ft/chara/ftCommon/ftCo_0A01.c,2404,77.23794,22.76206,37.5712,queued:1,1,0,0,False
main/melee/ft/chara/ftCommon/ftCo_0A01,ftCo_800A6D2C,src/melee/ft/chara/ftCommon/ftCo_0A01.c,664,88.93976,11.06024,37.5314,queued:1,1,0,0,False
main/melee/mn/mndiagram3,mnDiagram3_8024714C,src/melee/mn/mndiagram3.c,888,86.64414,13.35586,37.4432,no_db_target,0,0,0,False
main/melee/ty/tyfigupon,fn_803168DC,src/melee/ty/tyfigupon.c,796,87.47739,12.52261,37.1925,no_db_target,0,0,0,False
main/melee/gm/gm_18A5,fn_8019AF50,src/melee/gm/gm_18A5.c,908,86.36564,13.63436,37.0251,queued:1,1,0,0,False
main/melee/ft/chara/ftKirby/ftkirbyspecialn,ftKb_SpecialAirNCaptureWait_IASA,src/melee/ft/chara/ftKirby/ftkirbyspecialn.c,804,87.25871,12.74129,36.5542,no_db_target,0,0,0,False
main/sysdolphin/baselib/particle,hsd_8039F05C,src/sysdolphin/baselib/particle.c,1648,80.78883,19.21117,36.5244,no_db_target,0,0,0,False
main/melee/gr/grrcruise,grRCruise_8020071C,src/melee/gr/grrcruise.c,1068,84.75655,15.24345,36.1324,queued:1,1,0,0,False
main/melee/if/if_2F72,fn_802F7994,src/melee/if/if_2F72.c,356,92.59551,7.40449,35.2962,no_db_target,0,0,0,False
main/melee/mn/mnname,mnName_8023AC40,src/melee/mn/mnname.c,1092,84.24542,15.75458,34.8920,queued:1,1,0,0,False
main/melee/mp/mplib,mpLib_800536CC_Floor,src/melee/mp/mplib.c,464,90.90517,9.09483,34.8017,queued:1,1,0,0,False
main/melee/gm/gm_18A5,fn_8019A158,src/melee/gm/gm_18A5.c,1476,81.32791,18.67209,34.5636,queued:1,1,0,0,False
main/melee/mn/mnruleplus,mn_80233218,src/melee/mn/mnruleplus.c,2020,78.08118,21.91882,34.2391,queued:1,1,0,0,False
main/melee/gm/gm_18A5,fn_80193B58,src/melee/gm/gm_18A5.c,1140,83.60351,16.39649,33.9459,queued:1,1,0,0,False
main/melee/gr/grpushon,grPushOn_802190D0,src/melee/gr/grpushon.c,308,93.15585,6.84415,33.8405,no_db_target,0,0,0,False
main/melee/gm/gmmain_lib,gmMainLib_8015EA80,src/melee/gm/gmmain_lib.c,560,89.37857,10.62143,33.6148,queued:1,1,0,0,False
main/melee/mn/mninfo,mnInfo_80251AFC,src/melee/mn/mninfo.c,604,88.81457,11.18543,33.5686,no_db_target,0,0,0,False
main/sysdolphin/baselib/hsd_3B2E,fn_803B2E04,src/sysdolphin/baselib/hsd_3B2E.c,412,91.41747,8.58253,33.4883,no_db_target,0,0,0,False
main/melee/mn/mnvibration,fn_802487A8,src/melee/mn/mnvibration.c,720,87.41666,12.58334,33.3863,no_db_target,0,0,0,False
main/melee/gm/gm_18A5,fn_80194658,src/melee/gm/gm_18A5.c,860,85.73489,14.26511,32.5499,queued:1,1,0,0,False
main/melee/if/ifcoget,fn_802FF218,src/melee/if/ifcoget.c,328,92.53658,7.46342,32.1816,queued:1,1,0,0,False
main/melee/lb/lbaudio_ax,lbAudioAx_800233EC,src/melee/lb/lbaudio_ax.c,680,87.55294,12.44706,32.0757,no_db_target,0,0,0,False
main/melee/gr/grgreens,grGreens_80215ED8,src/melee/gr/grgreens.c,2028,77.26035,22.73965,31.7629,no_db_target,0,0,0,False
main/sysdolphin/baselib/texpdag,SimplifyByMerge,src/sysdolphin/baselib/texpdag.c,2616,74.47859,25.52141,31.5274,no_db_target,0,0,0,False
main/sysdolphin/baselib/particle,hsd_80391F28,src/sysdolphin/baselib/particle.c,620,88.12258,11.87742,31.4523,no_db_target,0,0,0,False
main/melee/mn/mnmainrule,mn_80230274,src/melee/mn/mnmainrule.c,1412,80.79037,19.20963,31.2988,no_db_target,0,0,0,False
main/sysdolphin/baselib/hsd_3AA7,fn_803B0120,src/sysdolphin/baselib/hsd_3AA7.c,3452,71.36964,28.63036,31.2713,queued:2,2,0,0,False
main/melee/gm/gmallstar,gm_801B5ACC,src/melee/gm/gmallstar.c,944,84.53390,15.46610,31.1483,no_db_target,0,0,0,False
main/melee/mn/mnstagesw,mnStageSw_802359C8,src/melee/mn/mnstagesw.c,656,87.53658,12.46342,30.8800,no_db_target,0,0,0,False
main/sysdolphin/baselib/hsd_3AA7,fn_803ACFC0,src/sysdolphin/baselib/hsd_3AA7.c,428,90.63551,9.36449,30.8099,queued:2,2,0,0,False
main/melee/ft/chara/ftKirby/ftkirbyspecialmars,ftKb_SpecialNMs_8010B2FC,src/melee/ft/chara/ftKirby/ftkirbyspecialmars.c,420,90.59048,9.40952,30.0297,no_db_target,0,0,0,False
main/melee/lb/lbaudio_ax,fn_800269AC,src/melee/lb/lbaudio_ax.c,600,87.86000,12.14000,29.4266,no_db_target,0,0,0,False
main/melee/gm/gmtou,fn_8019C048,src/melee/gm/gmtou.c,932,84.12017,15.87983,29.3695,no_db_target,0,0,0,False
main/sysdolphin/baselib/particle,hsd_80394128,src/sysdolphin/baselib/particle.c,192,94.70834,5.29166,29.1368,no_db_target,0,0,0,False
main/melee/mn/mncharsel,mnCharSel_8025FB50,src/melee/mn/mncharsel.c,668,86.91018,13.08982,29.0934,no_db_target,0,0,0,False
main/melee/mn/mndatadel,fn_8024F840,src/melee/mn/mndatadel.c,868,84.62673,15.37327,28.9402,no_db_target,0,0,0,False
main/sysdolphin/baselib/hsd_3AA7,fn_803B0E9C,src/sysdolphin/baselib/hsd_3AA7.c,1180,81.57288,18.42712,28.3382,queued:2,2,0,0,False
main/melee/gm/gm_18A5,fn_80195CCC,src/melee/gm/gm_18A5.c,1088,82.32721,17.67279,28.2652,queued:1,1,0,0,False
main/melee/mn/mninfo,mnInfo_80252758,src/melee/mn/mninfo.c,416,90.15385,9.84615,27.8819,no_db_target,0,0,0,False
main/melee/mn/mnsnap,mnSnap_80253184,src/melee/mn/mnsnap.c,280,92.61429,7.38571,27.8542,no_db_target,0,0,0,False
main/sysdolphin/baselib/hsd_3AA7,fn_803B26CC,src/sysdolphin/baselib/hsd_3AA7.c,296,92.25676,7.74324,27.6568,queued:2,2,0,0,False
main/melee/if/ifstock,ifStock_802F7EFC,src/melee/if/ifstock.c,924,83.62337,16.37663,27.5736,no_db_target,0,0,0,False
main/melee/gm/gmcamera,gmCamera_801A31FC,src/melee/gm/gmcamera.c,448,89.52679,10.47321,27.4534,no_db_target,0,0,0,False
main/melee/if/if_2F72,if_802F7AF8,src/melee/if/if_2F72.c,188,94.46809,5.53191,27.0171,no_db_target,0,0,0,False
main/melee/gr/grcorneria,grCorneria_801DCE1C,src/melee/gr/grcorneria.c,1188,80.84849,19.15151,26.4895,no_db_target,0,0,0,False
main/melee/mn/mninfo,fn_80252548,src/melee/mn/mninfo.c,472,88.84746,11.15254,26.3487,no_db_target,0,0,0,False
main/melee/mn/mnsoundtest,fn_8024B2B0,src/melee/mn/mnsoundtest.c,1332,79.57958,20.42042,26.1477,no_db_target,0,0,0,False
main/melee/if/if_2F72,fn_802F770C,src/melee/if/if_2F72.c,236,93.13559,6.86441,25.8309,no_db_target,0,0,0,False
main/melee/ft/chara/ftCommon/ftCo_0A01,ftCo_800A2C80,src/melee/ft/chara/ftCommon/ftCo_0A01.c,1204,80.15282,19.84718,25.0256,queued:1,1,0,0,False
main/melee/gm/gm_18A5,fn_801949B4,src/melee/gm/gm_18A5.c,528,87.57576,12.42424,24.9776,queued:1,1,0,0,False
main/sysdolphin/baselib/hsd_3B2E,hsd_803B31CC,src/sysdolphin/baselib/hsd_3B2E.c,376,89.94681,10.05319,24.4566,no_db_target,0,0,0,False
main/melee/gr/grzebes,grZebes_801DB088,src/melee/gr/grzebes.c,836,83.27751,16.72249,24.0302,no_db_target,0,0,0,False
main/sysdolphin/baselib/particle,hsd_80394544,src/sysdolphin/baselib/particle.c,292,91.31507,8.68493,23.3500,no_db_target,0,0,0,False
main/sysdolphin/baselib/hsd_3B34,hsd_803B51C8,src/sysdolphin/baselib/hsd_3B34.c,2660,70.92632,29.07368,23.1452,no_db_target,0,0,0,False
main/melee/ft/chara/ftKirby/ftkirbyspecialn,fn_800F9260,src/melee/ft/chara/ftKirby/ftkirbyspecialn.c,364,89.70330,10.29670,22.8673,no_db_target,0,0,0,False
main/melee/mn/mninfo,fn_80251FE4,src/melee/mn/mninfo.c,724,84.13812,15.86188,22.8603,no_db_target,0,0,0,False
main/melee/gm/gm_18A5,fn_8018ECA8,src/melee/gm/gm_18A5.c,868,82.44240,17.55760,22.8249,queued:1,1,0,0,False
main/melee/gr/grkinokoroute,grKinokoRoute_80207B5C,src/melee/gr/grkinokoroute.c,292,91.15069,8.84931,22.7522,no_db_target,0,0,0,False
main/melee/gm/gm_1832,fn_80189B88,src/melee/gm/gm_1832.c,340,90.14117,9.85883,22.7461,queued:2,2,0,0,False
main/melee/gm/gmcamera,gmCamera_801A2334,src/melee/gm/gmcamera.c,520,86.73077,13.26923,22.1576,no_db_target,0,0,0,False
main/melee/mn/mnmainrule,mn_8022FD18,src/melee/mn/mnmainrule.c,432,88.20370,11.79630,22.1471,no_db_target,0,0,0,False
main/melee/ft/chara/ftCommon/ftCo_0A01,ftCo_800B04DC,src/melee/ft/chara/ftCommon/ftCo_0A01.c,644,84.89441,15.10559,22.1298,queued:1,1,0,0,False
main/melee/mn/mnsound,fn_80249A1C,src/melee/mn/mnsound.c,492,86.89431,13.10569,21.3865,no_db_target,0,0,0,False
main/melee/mn/mnstagesw,fn_80236998,src/melee/mn/mnstagesw.c,804,82.37811,17.62189,20.9993,no_db_target,0,0,0,False
main/melee/gr/grvenom,grVenom_802053B0,src/melee/gr/grvenom.c,764,82.77487,17.22513,20.8100,no_db_target,0,0,0,False
main/melee/gm/gmresultplayer,fn_80179990,src/melee/gm/gmresultplayer.c,940,80.74468,19.25532,20.7399,no_db_target,0,0,0,False
main/sysdolphin/baselib/particle,fn_80392A3C,src/sysdolphin/baselib/particle.c,656,84.12195,15.87805,20.6762,no_db_target,0,0,0,False
main/melee/ft/chara/ftCommon/ftCo_WarpStar,ftCo_800C4C60,src/melee/ft/chara/ftCommon/ftCo_WarpStar.c,460,87.16522,12.83478,20.6730,no_db_target,0,0,0,False
main/melee/gr/grmutecity,grMuteCity_801F1328,src/melee/gr/grmutecity.c,1044,79.65517,20.34483,20.6485,no_db_target,0,0,0,False
main/melee/ft/chara/ftCommon/ftCo_0A01,ftCo_800A229C,src/melee/ft/chara/ftCommon/ftCo_0A01.c,1148,78.63066,21.36934,20.5265,queued:1,1,0,0,False
main/melee/lb/lbaudio_ax,fn_80026C04,src/melee/lb/lbaudio_ax.c,596,84.89262,15.10738,20.4762,no_db_target,0,0,0,False
main/melee/gr/grvenom,grVenom_8020362C,src/melee/gr/grvenom.c,1256,77.50955,22.49045,20.1474,no_db_target,0,0,0,False
main/melee/ft/chara/ftCommon/ftCo_0A01,ftCo_800ABBA8,src/melee/ft/chara/ftCommon/ftCo_0A01.c,1892,72.84144,27.15856,19.6051,queued:1,1,0,0,False
main/melee/gr/grflatzone,grFlatzone_802174EC,src/melee/gr/grflatzone.c,344,88.95349,11.04651,19.4802,no_db_target,0,0,0,False
main/melee/gr/grmutecity,grMuteCity_801F106C,src/melee/gr/grmutecity.c,700,82.91428,17.08572,19.3521,no_db_target,0,0,0,False
main/melee/gm/gm_1832,fn_80188EE8,src/melee/gm/gm_1832.c,780,81.75384,18.24616,19.0861,queued:2,2,0,0,False
main/melee/mn/mnruleplus,mn_802327A4,src/melee/mn/mnruleplus.c,1448,75.25691,24.74309,18.7640,no_db_target,0,0,0,False
main/melee/mp/mplib,mpLib_80053ECC_Floor,src/melee/mp/mplib.c,296,89.52702,10.47298,18.1394,queued:1,1,0,0,False
main/melee/ty/tyfigupon,un_803153EC,src/melee/ty/tyfigupon.c,392,87.37755,12.62245,18.0883,no_db_target,0,0,0,False
main/melee/gr/gryorster,grYorster_802022A4,src/melee/gr/gryorster.c,388,87.45361,12.54639,18.0750,no_db_target,0,0,0,False
main/melee/gm/gmcamera,gmCamera_801A2AAC,src/melee/gm/gmcamera.c,260,90.36923,9.63077,17.9864,no_db_target,0,0,0,False
main/melee/gm/gm_18A5,fn_801937C4,src/melee/gm/gm_18A5.c,916,79.38428,20.61572,17.6370,queued:1,1,0,0,False
main/melee/gm/gm_18A5,fn_8019B458,src/melee/gm/gm_18A5.c,964,78.77593,21.22407,17.4831,queued:1,1,0,0,False
main/melee/mn/mnmainrule,mn_8022FEC8,src/melee/mn/mnmainrule.c,720,81.66111,18.33889,17.4495,no_db_target,0,0,0,False
main/melee/ft/chara/ftCommon/ftCo_DownBound,ftCo_800976A4,src/melee/ft/chara/ftCommon/ftCo_DownBound.c,560,83.70000,16.30000,16.8514,no_db_target,0,0,0,False
main/melee/mn/mnstagesw,fn_80235F80,src/melee/mn/mnstagesw.c,504,84.28571,15.71429,16.1762,no_db_target,0,0,0,False
main/melee/gr/grgreens,grGreens_802159B8,src/melee/gr/grgreens.c,460,85.09565,14.90435,16.1727,no_db_target,0,0,0,False
main/melee/ft/chara/ftCommon/ftCo_0A01,ftCo_800A8210,src/melee/ft/chara/ftCommon/ftCo_0A01.c,1116,76.38351,23.61649,16.0792,no_db_target,0,0,0,False
main/melee/mn/mnmainrule,mn_80230E38,src/melee/mn/mnmainrule.c,2044,69.41487,30.58513,15.5110,no_db_target,0,0,0,False
main/melee/gr/grzakogenerator,grZakoGenerator_801CAC14,src/melee/gr/grzakogenerator.c,164,92.29269,7.70731,15.4187,no_db_target,0,0,0,False
main/melee/gr/grpura,grPura_80213250,src/melee/gr/grpura.c,520,83.56154,16.43846,15.4136,queued:1,1,0,0,False
main/melee/lb/lbrefract,lbRefract_800222A4,src/melee/lb/lbrefract.c,472,84.44068,15.55932,15.4127,no_db_target,0,0,0,False
main/melee/gm/gm_18A5,fn_80194BC4,src/melee/gm/gm_18A5.c,448,84.75000,15.25000,15.1455,queued:1,1,0,0,False
main/melee/gm/gmresult,fn_80175880,src/melee/gm/gmresult.c,532,83.04511,16.95489,14.9148,queued:1,1,0,0,False
main/melee/lb/lbaudio_ax,lbAudioAx_80023B24,src/melee/lb/lbaudio_ax.c,944,77.31780,22.68220,14.8667,no_db_target,0,0,0,False
main/dolphin/thp/THPDec,THPDec_803310CC,extern/dolphin/src/dolphin/thp/THPDec.c,552,82.60145,17.39855,14.7614,queued:1,1,0,0,False
main/melee/gm/gm_1601,fn_80162170,src/melee/gm/gm_1601.c,564,82.39007,17.60993,14.7494,queued:2,2,0,0,False
main/melee/ft/chara/ftNana/ftNn_Init,ftNn_Init_801230D0,src/melee/ft/chara/ftNana/ftNn_Init.c,328,87.14634,12.85366,14.7064,no_db_target,0,0,0,False
main/sysdolphin/baselib/particle,hsd_80397110,src/sysdolphin/baselib/particle.c,612,80.88236,19.11764,13.6932,no_db_target,0,0,0,False
main/melee/gr/grgreens,fn_80215B84,src/melee/gr/grgreens.c,460,83.58261,16.41739,13.6664,no_db_target,0,0,0,False
main/sysdolphin/baselib/hsd_3B5C,fn_803B6820,src/sysdolphin/baselib/hsd_3B5C.c,964,76.17427,23.82573,13.6170,no_db_target,0,0,0,False
main/melee/lb/lbaudio_ax,fn_800268B4,src/melee/lb/lbaudio_ax.c,248,88.70968,11.29032,13.5908,no_db_target,0,0,0,False
main/melee/gr/granime,grAnime_801C6C0C,src/melee/gr/granime.c,728,78.79121,21.20879,13.2228,no_db_target,0,0,0,False
main/melee/if/ifstock,ifStock_802F89F8,src/melee/if/ifstock.c,952,75.89496,24.10504,13.0979,no_db_target,0,0,0,False
main/sysdolphin/baselib/particle,hsd_803922FC,src/sysdolphin/baselib/particle.c,376,85.00000,15.00000,13.0762,no_db_target,0,0,0,False
main/melee/ft/chara/ftCommon/ftCo_DownBound,ftCo_80097AF4,src/melee/ft/chara/ftCommon/ftCo_DownBound.c,588,80.76871,19.23129,13.0052,no_db_target,0,0,0,False
main/melee/gr/grinishie1,grInishie1_801FBCEC,src/melee/gr/grinishie1.c,460,82.92174,17.07826,12.7272,no_db_target,0,0,0,False
main/melee/if/if_2F72,fn_802F77F8,src/melee/if/if_2F72.c,412,83.93204,16.06796,12.7168,no_db_target,0,0,0,False
main/sysdolphin/baselib/texpdag,order_dag,src/sysdolphin/baselib/texpdag.c,584,80.42466,19.57534,12.4749,no_db_target,0,0,0,False
main/sysdolphin/baselib/particle,psInitDataBankLocate,src/sysdolphin/baselib/particle.c,908,75.73568,24.26432,12.3067,no_db_target,0,0,0,False
main/sysdolphin/baselib/hsd_3AA7,hsd_803AC558,src/sysdolphin/baselib/hsd_3AA7.c,220,88.76363,11.23637,12.1437,queued:2,2,0,0,False
main/melee/gm/gmallstar,gm_801B60A4_OnLoad,src/melee/gm/gmallstar.c,564,80.19858,19.80142,11.7769,no_db_target,0,0,0,False
main/melee/gm/gm_1601,gm_80166A98,src/melee/gm/gm_1601.c,548,80.43796,19.56204,11.7216,queued:2,2,0,0,False
main/melee/gm/gmmain_lib,gmMainLib_8015DBF4,src/melee/gm/gmmain_lib.c,3724,59.65414,40.34586,11.6860,no_db_target,0,0,0,False
main/sysdolphin/baselib/particle,hsd_803941E8,src/sysdolphin/baselib/particle.c,300,85.86667,14.13333,11.5310,no_db_target,0,0,0,False
main/melee/gm/gm_18A5,fn_8018FBE0,src/melee/gm/gm_18A5.c,484,81.07438,18.92562,11.0433,queued:1,1,0,0,False
main/sysdolphin/baselib/particle,hsd_80396E40,src/sysdolphin/baselib/particle.c,664,77.71687,22.28313,10.8657,no_db_target,0,0,0,False
main/melee/ft/chara/ftCommon/ftCo_ItemThrow,ftCo_80095EFC,src/melee/ft/chara/ftCommon/ftCo_ItemThrow.c,548,79.49635,20.50365,10.6691,no_db_target,0,0,0,False
main/melee/lb/lbaudio_ax,fn_80023254,src/melee/lb/lbaudio_ax.c,408,81.88236,18.11764,10.1177,no_db_target,0,0,0,False
main/melee/gm/gmallstar,gm_801B5324,src/melee/gm/gmallstar.c,768,74.52604,25.47396,9.2967,no_db_target,0,0,0,False
main/sysdolphin/baselib/particle,hsd_80396188,src/sysdolphin/baselib/particle.c,288,83.94444,16.05556,8.9015,no_db_target,0,0,0,False
main/melee/gm/gm_18A5,fn_80191240,src/melee/gm/gm_18A5.c,380,81.27368,18.72632,8.8491,queued:1,1,0,0,False
main/melee/ft/chara/ftCommon/ftCo_0A01,ftCo_800A2718,src/melee/ft/chara/ftCommon/ftCo_0A01.c,440,79.80909,20.19091,8.8367,no_db_target,0,0,0,False
main/melee/gr/grinishie1,grInishie1_801FBAA0,src/melee/gr/grinishie1.c,428,79.95327,20.04673,8.7202,no_db_target,0,0,0,False
main/melee/gm/gmcamera,gmCamera_801A253C,src/melee/gm/gmcamera.c,140,89.62857,10.37143,8.7028,no_db_target,0,0,0,False
main/sysdolphin/baselib/particle,hsd_80396884,src/sysdolphin/baselib/particle.c,412,80.25243,19.74757,8.6496,no_db_target,0,0,0,False
main/sysdolphin/baselib/hsd_3B34,hsd_803B3408,src/sysdolphin/baselib/hsd_3B34.c,868,72.10599,27.89401,8.4089,no_db_target,0,0,0,False
main/melee/gr/grflatzone,grFlatzone_802181B4,src/melee/gr/grflatzone.c,172,87.74419,12.25581,8.3120,no_db_target,0,0,0,False
main/sysdolphin/baselib/particle,hsd_80394668,src/sysdolphin/baselib/particle.c,744,73.54839,26.45161,8.2271,no_db_target,0,0,0,False
main/melee/if/ifstock,fn_802FAC34,src/melee/if/ifstock.c,656,74.90243,25.09757,8.2240,no_db_target,0,0,0,False
main/sysdolphin/baselib/hsd_3B5C,hsd_803B5EA0,src/sysdolphin/baselib/hsd_3B5C.c,788,72.42640,27.57360,7.8607,no_db_target,0,0,0,False
main/melee/mn/mnnamenew,fn_8023DAEC,src/melee/mn/mnnamenew.c,252,83.95238,16.04762,7.7956,queued:1,1,0,0,False
main/melee/gr/grgreens,grGreens_80215D54,src/melee/gr/grgreens.c,388,79.73196,20.26804,7.7328,no_db_target,0,0,0,False
main/melee/gm/gm_1601,gm_80164A0C,src/melee/gm/gm_1601.c,176,86.95454,13.04546,7.7071,queued:2,2,0,0,False
main/melee/lb/lbaudio_ax,lbAudioAx_80027168,src/melee/lb/lbaudio_ax.c,800,72.00000,28.00000,7.6755,no_db_target,0,0,0,False
main/melee/gr/grgreens,grGreens_802150C4,src/melee/gr/grgreens.c,660,73.84849,26.15151,7.5032,no_db_target,0,0,0,False
main/melee/gr/grbigblue,grBigBlue_801E8A1C,src/melee/gr/grbigblue.c,360,79.90000,20.10000,7.2959,no_db_target,0,0,0,False
main/melee/ft/chara/ftCommon/ftCo_0A01,ftCo_800B33B0,src/melee/ft/chara/ftCommon/ftCo_0A01.c,1360,65.02647,34.97353,6.9508,no_db_target,0,0,0,False
main/melee/ft/chara/ftCommon/ftCo_0A01,ftCo_800A7AAC,src/melee/ft/chara/ftCommon/ftCo_0A01.c,1592,62.81407,37.18593,6.6631,no_db_target,0,0,0,False
main/melee/gr/grflatzone,grFlatzone_80218060,src/melee/gr/grflatzone.c,340,79.22353,20.77647,6.4434,no_db_target,0,0,0,False
main/melee/gm/gm_1601,fn_80169A84,src/melee/gm/gm_1601.c,464,75.47414,24.52586,6.1363,queued:2,2,0,0,False
main/melee/gm/gm_1601,fn_8016588C,src/melee/gm/gm_1601.c,564,72.96454,27.03546,5.9106,queued:2,2,0,0,False
main/melee/gm/gm_1601,gm_8016A22C,src/melee/gm/gm_1601.c,472,74.75423,25.24577,5.8361,queued:1,1,0,0,False
main/sysdolphin/baselib/particle,hsd_803975D4,src/sysdolphin/baselib/particle.c,576,72.43056,27.56944,5.7481,no_db_target,0,0,0,False
main/melee/gm/gm_1601,fn_80160DE8,src/melee/gm/gm_1601.c,368,77.01087,22.98913,5.6279,queued:1,1,0,0,False
main/melee/lb/lbrefract,lbRefract_PObjLoad,src/melee/lb/lbrefract.c,664,70.48193,29.51807,5.5494,no_db_target,0,0,0,False
main/melee/ft/chara/ftCommon/ftCo_0A01,ftCo_800A75DC,src/melee/ft/chara/ftCommon/ftCo_0A01.c,1232,62.66559,37.33441,5.0875,no_db_target,0,0,0,False
main/melee/mn/mnstagesw,mnStageSw_80235C58,src/melee/mn/mnstagesw.c,368,75.84782,24.15218,5.0406,no_db_target,0,0,0,False
main/melee/mn/mnnamenew,mnNameNew_8023DA08,src/melee/mn/mnnamenew.c,228,80.64912,19.35088,4.9821,queued:1,1,0,0,False
main/melee/mn/mnsoundtest,mnSoundTest_8024BEE0,src/melee/mn/mnsoundtest.c,256,79.06250,20.93750,4.7752,no_db_target,0,0,0,False
main/melee/ft/chara/ftCommon/ftCo_0A01,ftCo_800A866C,src/melee/ft/chara/ftCommon/ftCo_0A01.c,724,67.75691,32.24309,4.7313,no_db_target,0,0,0,False
main/melee/gm/gm_1601,fn_801695BC,src/melee/gm/gm_1601.c,576,70.22222,29.77778,4.7020,queued:1,1,0,0,False
main/sysdolphin/baselib/texpdag,HSD_TExpMakeDag,src/sysdolphin/baselib/texpdag.c,1184,62.16216,37.83784,4.6711,no_db_target,0,0,0,False
main/melee/gr/groldyoshi,grOldYoshi_8020F31C,src/melee/gr/groldyoshi.c,232,79.74138,20.25862,4.6281,no_db_target,0,0,0,False
main/sysdolphin/baselib/particle,hsd_803957C0,src/sysdolphin/baselib/particle.c,432,73.02778,26.97222,4.5536,no_db_target,0,0,0,False
main/melee/if/ifcoget,un_802FF4FC,src/melee/if/ifcoget.c,116,85.96551,14.03449,4.5108,no_db_target,0,0,0,False
main/melee/if/ifmagnify,ifMagnify_802FC750,src/melee/if/ifmagnify.c,112,86.21429,13.78571,4.4853,no_db_target,0,0,0,False
main/melee/gr/groldpupupu,grOldPupupu_8021119C,src/melee/gr/groldpupupu.c,232,79.22414,20.77586,4.3969,no_db_target,0,0,0,False
main/melee/gr/grflatzone,grFlatzone_80217EF0,src/melee/gr/grflatzone.c,364,74.26373,25.73627,4.3003,no_db_target,0,0,0,False
main/melee/ft/chara/ftKirby/ftkirbyspecialn,ftKb_SpecialHi_800F3570,src/melee/ft/chara/ftKirby/ftkirbyspecialn.c,364,73.92308,26.07692,4.1668,no_db_target,0,0,0,False
main/melee/gm/gmmain_lib,gmMainLib_8015F150,src/melee/gm/gmmain_lib.c,272,76.97059,23.02941,4.1438,no_db_target,0,0,0,False
main/melee/gm/gm_1601,gm_8016AC44,src/melee/gm/gm_1601.c,500,70.31200,29.68800,4.1149,queued:1,1,0,0,False
main/melee/gr/grpura,grPura_80212CD4,src/melee/gr/grpura.c,544,69.10294,30.89706,4.0135,no_db_target,0,0,0,False
main/melee/gr/grshrineroute,grShrineRoute_8020AF38,src/melee/gr/grshrineroute.c,232,77.01724,22.98276,3.5502,no_db_target,0,0,0,False
main/sysdolphin/baselib/particle,hsd_803921B8,src/sysdolphin/baselib/particle.c,324,72.87654,27.12346,3.3681,no_db_target,0,0,0,False
main/melee/gr/grgreens,grGreens_80216C20,src/melee/gr/grgreens.c,452,68.75221,31.24779,3.2309,no_db_target,0,0,0,False
main/dolphin/thp/THPDec,THPDec_8032F8D4,extern/dolphin/src/dolphin/thp/THPDec.c,1132,58.08127,41.91873,3.0724,queued:1,1,0,0,False
main/melee/gm/gmresultplayer,fn_8017AA78,src/melee/gm/gmresultplayer.c,652,62.73620,37.26380,2.7097,no_db_target,0,0,0,False
main/melee/ft/chara/ftCommon/ftCo_0A01,ftCo_800AEA8C,src/melee/ft/chara/ftCommon/ftCo_0A01.c,612,63.26144,36.73856,2.6673,no_db_target,0,0,0,False
main/sysdolphin/baselib/particle,hsd_80398A08,src/sysdolphin/baselib/particle.c,508,62.66929,37.33071,2.0985,no_db_target,0,0,0,False
main/melee/if/soundtest,un_802FF7DC,src/melee/if/soundtest.c,168,72.76190,27.23810,1.7282,queued:1,1,0,0,False
main/melee/gr/grzakogenerator,grZakoGenerator_801CAEB0,src/melee/gr/grzakogenerator.c,64,81.25000,18.75000,1.4868,no_db_target,0,0,0,False
main/sysdolphin/baselib/synth,HSD_SynthSFXSampleLoadCallback,src/sysdolphin/baselib/synth.c,1064,49.04887,50.95113,1.2084,no_db_target,0,0,0,False
main/melee/if/soundtest,un_80300AF4,src/melee/if/soundtest.c,100,74.44000,25.56000,1.2009,no_db_target,0,0,0,False
main/dolphin/thp/THPDec,THPVideoDecode,extern/dolphin/src/dolphin/thp/THPDec.c,808,50.86138,49.13862,1.1002,queued:1,1,0,0,False
main/melee/gr/grpura,grPura_802120E0,src/melee/gr/grpura.c,428,56.16822,43.83178,0.9717,no_db_target,0,0,0,False
main/melee/if/soundtest,un_80300B58,src/melee/if/soundtest.c,100,70.64000,29.36000,0.8478,no_db_target,0,0,0,False
main/melee/if/soundtest,un_802FF9DC,src/melee/if/soundtest.c,380,55.48421,44.51579,0.8088,no_db_target,0,0,0,False
main/dolphin/thp/THPDec,__THPReadScaneHeader,extern/dolphin/src/dolphin/thp/THPDec.c,344,42.59302,57.40698,0.1972,queued:1,1,0,0,False
main/dolphin/thp/THPDec,__THPReadFrameHeader,extern/dolphin/src/dolphin/thp/THPDec.c,520,37.00000,63.00000,0.1547,queued:1,1,0,0,False
main/melee/ft/chara/ftCommon/ftCo_Damage,ftCo_8008EB58,src/melee/ft/chara/ftCommon/ftCo_Damage.c,312,39.05128,60.94872,0.1190,no_db_target,0,0,0,False
main/melee/gr/grzebes,grZebes_801DA0C4,src/melee/gr/grzebes.c,400,30.50000,69.50000,0.0498,no_db_target,0,0,0,False
main/dolphin/thp/THPDec,__THPHuffGenerateSizeTable,extern/dolphin/src/dolphin/thp/THPDec.c,408,26.92157,73.07843,0.0293,queued:1,1,0,0,False
main/dolphin/thp/THPDec,__THPHuffGenerateCodeTable,extern/dolphin/src/dolphin/thp/THPDec.c,224,22.94643,77.05357,0.0081,queued:1,1,0,0,False
main/dolphin/thp/THPDec,THPInit,extern/dolphin/src/dolphin/thp/THPDec.c,516,10.60465,89.39535,0.0007,queued:1,1,0,0,False
